subclass	true_cluster_n	true_mean_cluster_size	true_median_cluster_size	random_sample_n	random_mean_of_replicate_maxima	random_median_of_replicate_maxima	random_q1	random_q3	random_min	random_max	difference_true_mean_minus_random_max_mean	fold_change_true_mean_over_random_max_mean	p_one_sided_true_gt	p_one_sided_true_lt	p_two_sided
001 CLA-EPd-CTX Car3 Glut	588	277.578231292517	178.0	500	1361.158	1313.5	1150.0	1533.5	791.0	2461.0	-1083.5797687074828	0.20392800196047559	1.0	0.001996007984031936	0.003992015968063872
002 IT EP-CLA Glut	251	163.71314741035857	134.0	500	977.176	936.5	812.5	1108.0	546.0	1992.0	-813.4628525896414	0.16753701217626973	1.0	0.001996007984031936	0.00998003992015968
003 L5/6 IT TPE-ENT Glut	142	156.08450704225353	131.0	500	901.508	849.5	765.75	999.0	517.0	1638.0	-745.4234929577465	0.1731371291682975	1.0	0.001996007984031936	0.001996007984031936
004 L6 IT CTX Glut	790	311.86962025316456	165.0	500	1749.664	1661.0	1453.75	1957.75	999.0	4099.0	-1437.7943797468354	0.17824543469669865	1.0	0.001996007984031936	0.015968063872255488
005 L5 IT CTX Glut	690	367.2782608695652	245.5	500	1979.368	1897.5	1579.75	2280.5	975.0	4527.0	-1612.0897391304347	0.18555329825962893	1.0	0.001996007984031936	0.007984031936127744
006 L4/5 IT CTX Glut	1124	362.37544483985766	247.0	500	1802.822	1722.5	1493.5	2045.0	970.0	3525.0	-1440.4465551601422	0.20100456109358422	1.0	0.001996007984031936	0.007984031936127744
007 L2/3 IT CTX Glut	1307	293.20198928844684	175.0	500	1528.42	1408.5	1221.75	1716.5	838.0	3191.0	-1235.2180107115532	0.1918333895712218	1.0	0.001996007984031936	0.02594810379241517
008 L2/3 IT ENT Glut	51	108.82352941176471	73.0	500	541.06	516.5	455.75	599.5	340.0	1208.0	-432.23647058823525	0.2011302432480034	1.0	0.001996007984031936	0.00998003992015968
009 L2/3 IT PIR-ENTl Glut	90	118.88888888888889	106.5	500	614.226	590.0	533.75	677.25	435.0	949.0	-495.3371111111111	0.19355886740204564	1.0	0.001996007984031936	0.001996007984031936
010 IT AON-TT-DP Glut	71	156.6056338028169	128.0	500	964.274	906.5	736.5	1116.25	429.0	2538.0	-807.6683661971831	0.16240781541638258	1.0	0.001996007984031936	0.027944111776447105
011 L2 IT ENT-po Glut	10	98.1	68.0	500	342.062	315.5	247.0	419.25	163.0	716.0	-243.96200000000002	0.28679011407288735	1.0	0.001996007984031936	0.031936127744510975
012 MEA Slc17a7 Glut	4	113.5	110.0	500	170.364	174.5	153.0	189.0	79.0	236.0	-56.864000000000004	0.6662205630297481	0.9660678642714571	0.03592814371257485	0.043912175648702596
013 COAp Grxcr2 Glut	3	148.66666666666666	156.0	500	258.906	263.0	233.0	286.0	128.0	343.0	-110.23933333333335	0.5742109748969381	0.9940119760479041	0.007984031936127744	0.007984031936127744
014 LA-BLA-BMA-PA Glut	1	159.0	159.0	500	281.674	289.0	251.0	315.25	102.0	409.0	-122.67399999999998	0.5644823448383592	0.9920159680638723	0.00998003992015968	0.013972055888223553
016 CA1-ProS Glut	3	91.33333333333333	82.0	500	238.242	238.0	216.0	264.0	127.0	410.0	-146.90866666666665	0.38336369461863706	1.0	0.001996007984031936	0.003992015968063872
018 L2 IT PPP-APr Glut	44	152.22727272727272	130.0	500	455.916	442.5	398.0	494.5	304.0	761.0	-303.6887272727273	0.3338932450874124	1.0	0.001996007984031936	0.003992015968063872
019 L2/3 IT PPP Glut	91	165.96703296703296	151.0	500	655.26	634.0	562.0	746.5	387.0	936.0	-489.292967032967	0.25328424284563833	1.0	0.001996007984031936	0.001996007984031936
020 L2/3 IT RSP Glut	276	358.4347826086956	286.0	500	1165.658	1104.0	934.0	1310.5	655.0	2950.0	-807.2232173913043	0.3074956656315108	1.0	0.001996007984031936	0.023952095808383235
021 L4 RSP-ACA Glut	152	402.17763157894734	316.5	500	1514.286	1450.5	1193.75	1754.75	778.0	3762.0	-1112.1083684210528	0.2655889518749743	1.0	0.001996007984031936	0.029940119760479042
022 L5 ET CTX Glut	823	307.99392466585664	202.0	500	2017.298	1951.0	1639.0	2289.5	1109.0	4506.0	-1709.3040753341434	0.15267646359925832	1.0	0.001996007984031936	0.00998003992015968
023 SUB-ProS Glut	20	138.55	134.5	500	633.53	611.5	519.5	753.0	315.0	936.0	-494.97999999999996	0.2186952472653229	1.0	0.001996007984031936	0.001996007984031936
024 L5 PPP Glut	17	174.23529411764707	175.0	500	474.826	468.0	411.0	537.0	240.0	716.0	-300.59070588235295	0.3669455634646103	1.0	0.001996007984031936	0.001996007984031936
025 CA2-FC-IG Glut	44	136.5909090909091	107.0	500	848.232	784.5	624.75	996.5	309.0	2216.0	-711.6410909090908	0.16103012983583395	1.0	0.001996007984031936	0.033932135728542916
027 L6b EPd Glut	8	151.5	42.5	500	643.02	587.0	507.0	734.75	313.0	1548.0	-491.52	0.23560697956517682	1.0	0.001996007984031936	0.03792415169660679
028 L6b/CT ENT Glut	71	103.14084507042253	65.0	500	673.024	633.0	556.0	754.0	408.0	1606.0	-569.8831549295775	0.1532498767806535	1.0	0.001996007984031936	0.005988023952095809
029 L6b CTX Glut	432	166.1435185185185	78.5	500	972.708	933.5	821.0	1090.25	589.0	1841.0	-806.5644814814815	0.1708051321861427	1.0	0.001996007984031936	0.003992015968063872
030 L6 CT CTX Glut	882	304.3582766439909	136.0	500	1929.958	1836.0	1596.5	2157.25	1061.0	4956.0	-1625.5997233560092	0.1577020207921576	1.0	0.001996007984031936	0.00998003992015968
031 CT SUB Glut	173	143.8092485549133	115.0	500	749.224	764.0	660.75	833.25	433.0	1015.0	-605.4147514450867	0.19194426307074158	1.0	0.001996007984031936	0.001996007984031936
032 L5 NP CTX Glut	875	262.18514285714286	203.0	500	1850.11	1753.5	1492.0	2115.5	1001.0	4955.0	-1587.924857142857	0.14171327264710903	1.0	0.001996007984031936	0.007984031936127744
033 NP SUB Glut	37	171.56756756756758	140.0	500	624.224	585.0	512.0	707.25	355.0	1544.0	-452.65643243243244	0.2748493610748186	1.0	0.001996007984031936	0.02594810379241517
034 NP PPP Glut	18	162.44444444444446	124.5	500	544.448	538.5	469.0	610.0	307.0	823.0	-382.0035555555555	0.2983653984300511	1.0	0.001996007984031936	0.001996007984031936
035 OB Eomes Ms4a15 Glut	14	148.64285714285714	98.5	500	369.616	352.5	273.0	460.0	106.0	782.0	-220.97314285714285	0.4021548232296685	0.9780439121756487	0.023952095808383235	0.08582834331337326
036 HPF CR Glut	106	80.93396226415095	71.0	500	309.698	295.0	260.0	337.25	142.0	681.0	-228.76403773584903	0.2613318854630994	1.0	0.001996007984031936	0.029940119760479042
037 DG Glut	19	161.52631578947367	126.0	500	657.044	679.0	546.25	781.0	223.0	1011.0	-495.51768421052634	0.2458378979025357	1.0	0.001996007984031936	0.001996007984031936
038 DG-PIR Ex IMN	7	243.85714285714286	222.0	500	427.206	401.0	354.75	475.0	195.0	945.0	-183.34885714285716	0.5708186281492836	0.9860279441117764	0.015968063872255488	0.09181636726546906
039 OB Meis2 Thsd7b Gaba	22	149.3181818181818	108.0	500	472.268	482.0	420.75	515.25	200.0	728.0	-322.94981818181816	0.31617255841636915	1.0	0.001996007984031936	0.001996007984031936
040 OB Trdn Gaba	1	526.0	526.0	386	213.1865284974093	216.5	83.0	313.75	5.0	554.0	312.8134715025907	2.4673228824887596	0.012919896640826873	0.9896640826873385	0.012919896640826873
041 OB-in Frmd7 Gaba	9	295.6666666666667	180.0	500	561.842	553.5	494.75	628.5	276.0	829.0	-266.1753333333333	0.5262452195931716	0.9960079840319361	0.005988023952095809	0.007984031936127744
042 OB-out Frmd7 Gaba	50	149.9	116.0	500	665.554	660.0	563.75	790.25	316.0	999.0	-515.654	0.2252259020304889	1.0	0.001996007984031936	0.001996007984031936
043 OB-mi Frmd7 Gaba	15	178.8	138.0	500	374.036	362.0	335.75	395.25	220.0	593.0	-195.236	0.4780288528376948	1.0	0.001996007984031936	0.007984031936127744
044 OB Dopa-Gaba	40	160.425	102.5	500	684.764	681.0	591.75	790.0	397.0	921.0	-524.3389999999999	0.23427779497753973	1.0	0.001996007984031936	0.001996007984031936
045 OB-STR-CTX Inh IMN	20	146.55	111.5	500	670.82	677.0	580.75	762.5	321.0	1013.0	-524.27	0.21846396947020066	1.0	0.001996007984031936	0.001996007984031936
046 Vip Gaba	1994	109.89317953861585	70.0	500	1261.314	1205.5	1042.75	1420.75	725.0	2473.0	-1151.4208204613842	0.08712594923913938	1.0	0.001996007984031936	0.003992015968063872
047 Sncg Gaba	1126	108.9911190053286	61.0	500	1012.602	972.0	836.75	1147.0	642.0	2270.0	-903.6108809946713	0.10763470643483679	1.0	0.001996007984031936	0.005988023952095809
048 RHP-COA Ndnf Gaba	22	169.63636363636363	121.5	500	599.796	597.5	521.5	674.25	284.0	842.0	-430.1596363636364	0.28282343269438875	1.0	0.001996007984031936	0.001996007984031936
049 Lamp5 Gaba	1913	109.92681651855725	66.0	500	1189.62	1125.5	1001.0	1316.75	777.0	2397.0	-1079.6931834814427	0.09240498353974988	1.0	0.001996007984031936	0.005988023952095809
050 Lamp5 Lhx6 Gaba	313	147.17571884984025	104.0	500	797.388	764.0	678.5	894.25	497.0	1527.0	-650.2122811501598	0.1845722770468583	1.0	0.001996007984031936	0.005988023952095809
051 Pvalb chandelier Gaba	511	121.77690802348337	94.0	500	668.466	652.0	579.0	729.25	474.0	1164.0	-546.6890919765167	0.18217367528562914	1.0	0.001996007984031936	0.001996007984031936
052 Pvalb Gaba	2126	154.7873941674506	98.0	500	1893.424	1789.5	1526.0	2191.25	1013.0	4509.0	-1738.6366058325493	0.08174999058185098	1.0	0.001996007984031936	0.007984031936127744
053 Sst Gaba	2026	136.92053307008885	87.0	500	1663.176	1572.0	1339.0	1886.5	981.0	3929.0	-1526.255466929911	0.08232474077914115	1.0	0.001996007984031936	0.011976047904191617
054 STR Prox1 Lhx6 Gaba	7	369.42857142857144	161.0	500	806.968	777.0	691.5	849.0	449.0	1523.0	-437.5394285714285	0.4577982911696269	1.0	0.001996007984031936	0.05389221556886228
055 STR Lhx8 Gaba	2	289.0	289.0	500	343.492	365.0	309.0	401.0	27.0	491.0	-54.49200000000002	0.8413587507132626	0.7884231536926147	0.21756487025948104	0.48303393213572854
056 Sst Chodl Gaba	520	146.12884615384615	105.0	500	959.59	913.5	784.75	1072.0	582.0	2017.0	-813.4611538461538	0.1522825854311176	1.0	0.001996007984031936	0.011976047904191617
057 NDB-SI-MA-STRv Lhx8 Gaba	2	250.5	250.5	500	257.378	240.0	204.75	272.0	45.0	711.0	-6.877999999999986	0.9732766592327239	0.4031936127744511	0.5988023952095808	0.8822355289421158
058 PAL-STR Gaba-Chol	1	6.0	6.0	271	7.763837638376383	8.0	6.0	10.0	4.0	14.0	-1.7638376383763834	0.7728136882129278	0.8455882352941176	0.3860294117647059	0.6801470588235294
060 OT D3 Folh1 Gaba	1	108.0	108.0	500	197.39	183.0	156.0	254.0	55.0	397.0	-89.38999999999999	0.5471401793403922	0.9660678642714571	0.03792415169660679	0.11776447105788423
061 STR D1 Gaba	25	145.48	130.0	500	416.384	412.0	366.75	461.25	229.0	731.0	-270.904	0.3493890255149093	1.0	0.001996007984031936	0.005988023952095809
062 STR D2 Gaba	27	142.11111111111111	98.0	500	577.504	579.0	469.75	683.0	272.0	962.0	-435.39288888888893	0.24607814164250136	1.0	0.001996007984031936	0.001996007984031936
063 STR D1 Sema5a Gaba	22	192.3181818181818	121.0	500	586.418	562.0	502.0	661.5	337.0	914.0	-394.0998181818182	0.3279540904579699	1.0	0.001996007984031936	0.001996007984031936
064 STR-PAL Chst9 Gaba	82	151.84146341463415	133.0	500	559.244	526.5	481.0	598.0	353.0	1313.0	-407.40253658536585	0.2715120115989338	1.0	0.001996007984031936	0.023952095808383235
065 IA Mgp Gaba	10	120.3	114.5	500	452.498	465.0	403.75	505.0	244.0	589.0	-332.198	0.26585752865206036	1.0	0.001996007984031936	0.001996007984031936
066 NDB-SI-ant Prdm12 Gaba	8	103.125	114.0	500	450.456	444.0	418.0	487.0	214.0	622.0	-347.331	0.22893467952474825	1.0	0.001996007984031936	0.001996007984031936
070 LSX Prdm12 Slit2 Gaba	1	378.0	378.0	500	653.486	679.5	539.75	789.5	168.0	1003.0	-275.486	0.5784362633629488	0.9341317365269461	0.0718562874251497	0.09780439121756487
071 LSX Prdm12 Zeb2 Gaba	1	297.0	297.0	416	275.75240384615387	285.0	234.75	319.25	126.0	437.0	21.247596153846132	1.077053167470121	0.4316546762589928	0.5779376498800959	0.7242206235011991
072 LSX Sall3 Lmo1 Gaba	1	112.0	112.0	411	170.3065693430657	174.0	142.5	193.0	78.0	289.0	-58.30656934306569	0.6576375792902451	0.8907766990291263	0.11165048543689321	0.1941747572815534
073 MEA-BST Sox6 Gaba	2	66.5	66.5	500	124.208	127.5	103.75	141.25	58.0	196.0	-57.708	0.5353922452660054	0.9900199600798403	0.011976047904191617	0.027944111776447105
074 MEA-BST Lhx6 Sp9 Gaba	2	88.0	88.0	497	226.3682092555332	256.0	168.0	290.0	23.0	387.0	-138.3682092555332	0.388747166792587	0.8694779116465864	0.13253012048192772	0.14457831325301204
080 CEA-AAA-BST Six3 Sp9 Gaba	12	232.5	144.0	500	639.04	641.0	572.75	707.0	386.0	847.0	-406.53999999999996	0.36382699048572864	1.0	0.001996007984031936	0.001996007984031936
094 SCH Six6 Cdc14a Gaba	1	272.0	272.0	499	281.6553106212425	289.0	255.0	314.0	112.0	405.0	-9.655310621242506	0.9657194085922046	0.654	0.35	0.828
095 DMH Prdm13 Gaba	2	65.5	65.5	492	77.16869918699187	80.5	68.0	91.0	16.0	119.0	-11.668699186991873	0.8487897384570812	0.7829614604462475	0.21906693711967545	0.5050709939148073
097 PVHd-SBPV Six3 Prox1 Gaba	2	201.5	201.5	500	274.02	270.0	238.0	316.0	146.0	413.0	-72.51999999999998	0.7353477848332239	0.908183632734531	0.09381237524950099	0.1996007984031936
100 AHN Onecut3 Gaba	1	158.0	158.0	428	148.10046728971963	154.0	117.0	174.0	16.0	258.0	9.899532710280369	1.0668433590483852	0.46386946386946387	0.5524475524475524	0.8065268065268065
101 ZI Pax6 Gaba	2	167.5	167.5	500	356.174	372.0	314.5	427.0	90.0	561.0	-188.67399999999998	0.47027576409283106	0.9461077844311377	0.05588822355289421	0.0718562874251497
113 MEA-COA-BMA Ccdc42 Glut	105	120.27619047619048	95.0	500	618.518	605.5	533.0	684.25	353.0	1145.0	-498.24180952380954	0.19445867456758004	1.0	0.001996007984031936	0.007984031936127744
114 COAa-PAA-MEA Barhl2 Glut	32	125.6875	112.0	500	480.75	483.0	445.0	513.0	341.0	727.0	-355.0625	0.26144045761830476	1.0	0.001996007984031936	0.001996007984031936
115 MS-SF Bsx Glut	9	239.22222222222223	238.0	500	614.044	576.5	486.5	661.25	204.0	1613.0	-374.82177777777775	0.3895848216450649	0.998003992015968	0.003992015968063872	0.06986027944111776
117 LHA Barhl2 Glut	1	83.0	83.0	138	73.20289855072464	77.0	58.0	86.0	34.0	111.0	9.79710144927536	1.1338348841813501	0.4172661870503597	0.6474820143884892	0.7913669064748201
121 MEA-BST Otp Zic2 Glut	1	97.0	97.0	419	146.84248210023867	155.0	127.0	174.0	68.0	211.0	-49.84248210023867	0.6605717814943033	0.8976190476190476	0.11904761904761904	0.14285714285714285
128 VMH Fezf1 Glut	1	116.0	116.0	498	80.50602409638554	83.0	69.0	95.0	23.0	129.0	35.493975903614455	1.4408859622867405	0.006012024048096192	0.9959919839679359	0.04809619238476954
129 VMH Nr5a1 Glut	1	66.0	66.0	451	93.35254988913526	96.0	77.0	110.0	29.0	145.0	-27.35254988913526	0.7069972922901524	0.8827433628318584	0.1261061946902655	0.21017699115044247
142 HY Gnrh1 Glut	2	370.0	370.0	500	657.582	673.0	543.25	780.5	235.0	1005.0	-287.582	0.562667469608353	0.9640718562874252	0.03792415169660679	0.059880239520958084
144 MM Foxb1 Glut	1	198.0	198.0	494	180.20242914979758	187.0	145.0	213.0	82.0	270.0	17.79757085020242	1.0987643226241293	0.39191919191919194	0.6181818181818182	0.7171717171717171
164 APN C1ql4 Glut	1	83.0	83.0	496	75.54233870967742	75.0	69.0	84.0	35.0	113.0	7.4576612903225765	1.0987216098641543	0.29979879275653926	0.7404426559356136	0.5311871227364185
177 SCig-an-PPT Foxb1 Glut	1	129.0	129.0	489	67.88752556237219	52.0	46.0	63.0	23.0	262.0	61.11247443762781	1.9002018254661566	0.11224489795918367	0.889795918367347	0.11224489795918367
187 SCsg Pde5a Glut	16	150.6875	143.0	500	227.11	214.0	191.75	253.0	114.0	480.0	-76.42250000000001	0.6635000660472898	0.9640718562874252	0.03792415169660679	0.1596806387225549
203 LGv-SPFp-SPFm Nkx2-2 Tcf7l2 Gaba	2	317.0	317.0	500	446.89	456.0	366.25	531.5	89.0	714.0	-129.89	0.7093468191277496	0.8163672654690619	0.18562874251497005	0.3473053892215569
204 SC Otx2 Gcnt4 Gaba	4	91.25	87.5	500	129.994	126.0	112.0	139.0	64.0	271.0	-38.744	0.7019554748680709	0.9820359281437125	0.01996007984031936	0.09381237524950099
207 SCs Dmbx1 Gaba	10	170.8	143.0	500	666.62	691.5	558.0	791.0	174.0	1007.0	-495.82	0.2562179352554679	1.0	0.001996007984031936	0.001996007984031936
208 SC Lef1 Otx2 Gaba	12	108.08333333333333	126.5	500	154.828	125.0	78.0	227.25	52.0	402.0	-46.744666666666674	0.6980864787592252	0.5608782435129741	0.4411177644710579	0.7425149700598802
209 SCs Pax7 Nfia Gaba	1	81.0	81.0	500	97.794	94.0	72.0	125.0	34.0	160.0	-16.793999999999997	0.8282716731087797	0.6506986027944112	0.3772455089820359	0.7085828343313373
211 SC Tnnt1 Gli3 Gaba	6	115.5	101.0	500	148.69	139.0	120.0	171.25	88.0	264.0	-33.19	0.7767839128387921	0.8223552894211577	0.17964071856287425	0.41317365269461076
213 SCsg Gabrr2 Gaba	12	137.91666666666666	154.5	500	191.392	182.5	142.0	218.0	83.0	403.0	-53.47533333333334	0.7205978654628545	0.782435129740519	0.21956087824351297	0.405189620758483
222 PB Evx2 Glut	1	163.0	163.0	433	138.31177829099306	142.0	117.0	157.0	59.0	230.0	24.68822170900694	1.1784968859055922	0.195852534562212	0.8179723502304147	0.4078341013824885
256 SPVC Mafa Glut	1	195.0	195.0	463	170.76889848812095	178.0	157.0	190.0	56.0	276.0	24.231101511879046	1.1418941137783623	0.1961206896551724	0.8125	0.39655172413793105
262 Pineal Crx Glut	14	108.78571428571429	88.0	500	179.536	160.0	131.0	215.25	101.0	462.0	-70.75028571428571	0.605927024584007	0.9800399201596807	0.021956087824351298	0.15768463073852296
314 CB Granule Glut	6	264.6666666666667	252.0	500	552.656	539.5	436.75	655.0	255.0	902.0	-287.98933333333326	0.4788994721249144	0.998003992015968	0.003992015968063872	0.043912175648702596
315 DCO UBC Glut	1	301.0	301.0	500	272.212	271.0	240.0	304.0	152.0	407.0	28.78800000000001	1.1057558079731975	0.2874251497005988	0.7265469061876247	0.564870259481038
316 Bergmann NN	1	107.0	107.0	495	134.43636363636364	132.0	105.0	160.5	50.0	262.0	-27.436363636363637	0.7959156072491209	0.7278225806451613	0.28225806451612906	0.5262096774193549
317 Astro-CB NN	3	81.33333333333333	97.0	500	101.394	99.0	92.75	111.0	54.0	150.0	-20.060666666666677	0.8021513436035005	0.9221556886227545	0.07984031936127745	0.18363273453093812
318 Astro-NT NN	265	137.66037735849056	108.0	500	769.904	761.5	688.75	837.5	464.0	1312.0	-632.2436226415094	0.17880200305296579	1.0	0.001996007984031936	0.001996007984031936
319 Astro-TE NN	3309	128.45330915684497	73.0	500	2106.43	1990.5	1691.0	2385.0	1298.0	5208.0	-1977.9766908431548	0.06098152284046703	1.0	0.001996007984031936	0.007984031936127744
320 Astro-OLF NN	76	123.15789473684211	108.0	500	488.176	489.0	439.75	535.0	280.0	828.0	-365.01810526315785	0.25228174825645283	1.0	0.001996007984031936	0.001996007984031936
321 Astroependymal NN	31	74.74193548387096	58.0	500	195.814	196.0	175.0	215.0	122.0	306.0	-121.07206451612903	0.381698629739809	1.0	0.001996007984031936	0.001996007984031936
322 Tanycyte NN	4	128.25	77.0	500	298.654	320.0	260.0	355.25	72.0	451.0	-170.404	0.42942669443570153	0.9201596806387226	0.08183632734530938	0.08183632734530938
324 Hypendymal NN	2	50.0	50.0	487	76.77823408624229	78.0	63.0	91.5	18.0	126.0	-26.778234086242293	0.6512262309111819	0.875	0.1290983606557377	0.22336065573770492
325 CHOR NN	1	137.0	137.0	489	62.0879345603272	37.0	32.0	81.0	16.0	220.0	74.9120654396728	2.2065478739171964	0.10612244897959183	0.8979591836734694	0.10612244897959183
326 OPC NN	2705	125.4351201478743	74.0	500	1869.986	1757.5	1522.75	2085.75	1067.0	4072.0	-1744.5508798521257	0.067078106546185	1.0	0.001996007984031936	0.011976047904191617
327 Oligo NN	2445	190.43476482617586	76.0	500	2060.456	1991.0	1667.5	2331.5	1158.0	4182.0	-1870.0212351738242	0.09242360177852663	1.0	0.001996007984031936	0.007984031936127744
328 OEC NN	22	139.63636363636363	113.0	500	366.91	361.5	273.0	455.25	120.0	719.0	-227.2736363636364	0.38057388361277594	0.9940119760479041	0.007984031936127744	0.033932135728542916
329 ABC NN	340	112.75294117647059	98.0	500	439.32	426.0	384.0	480.0	302.0	747.0	-326.5670588235294	0.2566533305482805	1.0	0.001996007984031936	0.001996007984031936
330 VLMC NN	1474	149.98914518317503	107.0	500	1120.208	1058.5	928.0	1256.0	638.0	2243.0	-970.2188548168251	0.1338940135967383	1.0	0.001996007984031936	0.005988023952095809
331 Peri NN	2541	112.89334907516725	68.0	500	1705.584	1632.0	1404.75	1909.75	966.0	3916.0	-1592.6906509248329	0.06619043628174705	1.0	0.001996007984031936	0.007984031936127744
332 SMC NN	1447	167.71596406357983	125.0	500	1312.596	1258.5	1056.0	1511.0	700.0	2958.0	-1144.8800359364202	0.12777424589407543	1.0	0.001996007984031936	0.011976047904191617
333 Endo NN	3399	140.27684613121505	73.0	500	2142.77	2042.0	1738.5	2443.0	1195.0	4614.0	-2002.493153868785	0.06546519044564515	1.0	0.001996007984031936	0.00998003992015968
334 Microglia NN	2818	126.92122072391767	75.0	500	1973.908	1865.5	1617.75	2186.25	1175.0	4036.0	-1846.9867792760822	0.06429946113188542	1.0	0.001996007984031936	0.003992015968063872
335 BAM NN	944	130.2415254237288	89.0	500	928.232	881.0	784.0	1029.0	603.0	1874.0	-797.9904745762711	0.14031139351339839	1.0	0.001996007984031936	0.005988023952095809
336 Monocytes NN	10	130.1	124.5	500	235.132	237.0	215.0	253.0	162.0	318.0	-105.03200000000001	0.5533062279910859	1.0	0.001996007984031936	0.001996007984031936
337 DC NN	104	155.84615384615384	105.5	500	836.896	802.5	715.75	868.5	436.0	1579.0	-681.0498461538461	0.18621926003488348	1.0	0.001996007984031936	0.005988023952095809
338 Lymphoid NN	515	125.19417475728156	90.0	500	722.192	701.5	629.0	785.25	486.0	1460.0	-596.9978252427185	0.17335303459091428	1.0	0.001996007984031936	0.007984031936127744
