slide,layer,a_layer,b_layer,a_class,b_class,a_glutotal,a_gabatotal,b_glutotal,b_gabatotal,a_region,b_region,a_ei,b_ei,a_merge_region,b_merge_region,a_cell_Neuron_type,b_cell_Neuron_type,a_enrich_class_cell_ids_num,b_enrich_class_cell_ids_num,a_cell_id_n,b_cell_id_n,overlap_a_in_b,overlap_b_in_a,a_source_file,b_source_file
C57BL6J-1.025,layer 1,layer 1,layer 1,049 Lamp5 Gaba,049 Lamp5 Gaba,42,106,7,6,"Frontal pole, layer 1,Orbital area, medial part, layer 1,Orbital area, ventrolateral part, layer 1,Prelimbic area, layer 1","Frontal pole, layer 1",0.39622641509433965,1.1666666666666667,regions_1,regions_2,,,3,1,148,13,0.0,0.0,sample_1_C57BL6J-1.025_layer 1_049 Lamp5 Gaba_merged_regions_table_cell_id.txt,sample_1_C57BL6J-1.025_layer 1_049 Lamp5 Gaba_merged_regions_table_cell_id.txt
C57BL6J-1.026,layer 1,layer 1,layer 1,007 L2/3 IT CTX Glut,007 L2/3 IT CTX Glut,15,9,12,3,"Secondary motor area, layer 1,Frontal pole, layer 1","Orbital area, lateral part, layer 1,Frontal pole, layer 1,Orbital area, ventrolateral part, layer 1,Orbital area, medial part, layer 1",1.6666666666666667,4.0,regions_1,regions_2,,,15,12,24,15,0.0,0.0,sample_1_C57BL6J-1.026_layer 1_007 L2.3 IT CTX Glut_merged_regions_table_cell_id.txt,sample_1_C57BL6J-1.026_layer 1_007 L2.3 IT CTX Glut_merged_regions_table_cell_id.txt
C57BL6J-1.026,layer 1,layer 1,layer 1,007 L2/3 IT CTX Glut,046 Vip Gaba,15,9,7,9,"Secondary motor area, layer 1,Frontal pole, layer 1","Frontal pole, layer 1,Secondary motor area, layer 1,Prelimbic area, layer 1",1.6666666666666667,0.7777777777777778,regions_1,regions_1,,,15,2,24,16,0.0,0.0,sample_1_C57BL6J-1.026_layer 1_007 L2.3 IT CTX Glut_merged_regions_table_cell_id.txt,sample_1_C57BL6J-1.026_layer 1_046 Vip Gaba_merged_regions_table_cell_id.txt
C57BL6J-1.026,layer 1,layer 1,layer 1,007 L2/3 IT CTX Glut,047 Sncg Gaba,15,9,19,16,"Secondary motor area, layer 1,Frontal pole, layer 1","Orbital area, lateral part, layer 1,Frontal pole, layer 1,Secondary motor area, layer 1",1.6666666666666667,1.1875,regions_1,regions_1,,,15,6,24,35,0.5833333333333334,0.4,sample_1_C57BL6J-1.026_layer 1_007 L2.3 IT CTX Glut_merged_regions_table_cell_id.txt,sample_1_C57BL6J-1.026_layer 1_047 Sncg Gaba_merged_regions_table_cell_id.txt
C57BL6J-1.026,layer 1,layer 1,layer 1,007 L2/3 IT CTX Glut,047 Sncg Gaba,15,9,0,1,"Secondary motor area, layer 1,Frontal pole, layer 1","Orbital area, medial part, layer 1",1.6666666666666667,0.0,regions_1,regions_2,,,15,1,24,1,0.0,0.0,sample_1_C57BL6J-1.026_layer 1_007 L2.3 IT CTX Glut_merged_regions_table_cell_id.txt,sample_1_C57BL6J-1.026_layer 1_047 Sncg Gaba_merged_regions_table_cell_id.txt
C57BL6J-1.026,layer 1,layer 1,layer 1,007 L2/3 IT CTX Glut,049 Lamp5 Gaba,15,9,22,13,"Secondary motor area, layer 1,Frontal pole, layer 1","Prelimbic area, layer 1,Frontal pole, layer 1,Orbital area, ventrolateral part, layer 1,Orbital area, medial part, layer 1",1.6666666666666667,1.6923076923076923,regions_1,regions_1,,,15,9,24,35,0.0,0.0,sample_1_C57BL6J-1.026_layer 1_007 L2.3 IT CTX Glut_merged_regions_table_cell_id.txt,sample_1_C57BL6J-1.026_layer 1_049 Lamp5 Gaba_merged_regions_table_cell_id.txt
C57BL6J-1.026,layer 1,layer 1,layer 1,007 L2/3 IT CTX Glut,049 Lamp5 Gaba,15,9,3,5,"Secondary motor area, layer 1,Frontal pole, layer 1","Frontal pole, layer 1",1.6666666666666667,0.6,regions_1,regions_2,,,15,3,24,8,0.3333333333333333,1.0,sample_1_C57BL6J-1.026_layer 1_007 L2.3 IT CTX Glut_merged_regions_table_cell_id.txt,sample_1_C57BL6J-1.026_layer 1_049 Lamp5 Gaba_merged_regions_table_cell_id.txt
C57BL6J-1.026,layer 1,layer 1,layer 1,007 L2/3 IT CTX Glut,051 Pvalb chandelier Gaba,15,9,10,10,"Secondary motor area, layer 1,Frontal pole, layer 1","Frontal pole, layer 1,Secondary motor area, layer 1,Prelimbic area, layer 1",1.6666666666666667,1.0,regions_1,regions_1,,,15,2,24,20,0.125,0.15,sample_1_C57BL6J-1.026_layer 1_007 L2.3 IT CTX Glut_merged_regions_table_cell_id.txt,sample_1_C57BL6J-1.026_layer 1_051 Pvalb chandelier Gaba_merged_regions_table_cell_id.txt
C57BL6J-1.026,layer 1,layer 1,layer 1,007 L2/3 IT CTX Glut,053 Sst Gaba,15,9,1,1,"Secondary motor area, layer 1,Frontal pole, layer 1","Orbital area, lateral part, layer 1",1.6666666666666667,1.0,regions_1,regions_1,,,15,1,24,2,0.0,0.0,sample_1_C57BL6J-1.026_layer 1_007 L2.3 IT CTX Glut_merged_regions_table_cell_id.txt,sample_1_C57BL6J-1.026_layer 1_053 Sst Gaba_merged_regions_table_cell_id.txt
C57BL6J-1.026,layer 1,layer 1,layer 1,007 L2/3 IT CTX Glut,046 Vip Gaba,12,3,7,9,"Orbital area, lateral part, layer 1,Frontal pole, layer 1,Orbital area, ventrolateral part, layer 1,Orbital area, medial part, layer 1","Frontal pole, layer 1,Secondary motor area, layer 1,Prelimbic area, layer 1",4.0,0.7777777777777778,regions_2,regions_1,,,12,2,15,16,0.0,0.0,sample_1_C57BL6J-1.026_layer 1_007 L2.3 IT CTX Glut_merged_regions_table_cell_id.txt,sample_1_C57BL6J-1.026_layer 1_046 Vip Gaba_merged_regions_table_cell_id.txt
C57BL6J-1.026,layer 1,layer 1,layer 1,007 L2/3 IT CTX Glut,047 Sncg Gaba,12,3,19,16,"Orbital area, lateral part, layer 1,Frontal pole, layer 1,Orbital area, ventrolateral part, layer 1,Orbital area, medial part, layer 1","Orbital area, lateral part, layer 1,Frontal pole, layer 1,Secondary motor area, layer 1",4.0,1.1875,regions_2,regions_1,,,12,6,15,35,0.6,0.2571428571428571,sample_1_C57BL6J-1.026_layer 1_007 L2.3 IT CTX Glut_merged_regions_table_cell_id.txt,sample_1_C57BL6J-1.026_layer 1_047 Sncg Gaba_merged_regions_table_cell_id.txt
C57BL6J-1.026,layer 1,layer 1,layer 1,007 L2/3 IT CTX Glut,047 Sncg Gaba,12,3,0,1,"Orbital area, lateral part, layer 1,Frontal pole, layer 1,Orbital area, ventrolateral part, layer 1,Orbital area, medial part, layer 1","Orbital area, medial part, layer 1",4.0,0.0,regions_2,regions_2,,,12,1,15,1,0.0,0.0,sample_1_C57BL6J-1.026_layer 1_007 L2.3 IT CTX Glut_merged_regions_table_cell_id.txt,sample_1_C57BL6J-1.026_layer 1_047 Sncg Gaba_merged_regions_table_cell_id.txt
C57BL6J-1.026,layer 1,layer 1,layer 1,007 L2/3 IT CTX Glut,049 Lamp5 Gaba,12,3,22,13,"Orbital area, lateral part, layer 1,Frontal pole, layer 1,Orbital area, ventrolateral part, layer 1,Orbital area, medial part, layer 1","Prelimbic area, layer 1,Frontal pole, layer 1,Orbital area, ventrolateral part, layer 1,Orbital area, medial part, layer 1",4.0,1.6923076923076923,regions_2,regions_1,,,12,9,15,35,0.3333333333333333,0.14285714285714285,sample_1_C57BL6J-1.026_layer 1_007 L2.3 IT CTX Glut_merged_regions_table_cell_id.txt,sample_1_C57BL6J-1.026_layer 1_049 Lamp5 Gaba_merged_regions_table_cell_id.txt
C57BL6J-1.026,layer 1,layer 1,layer 1,007 L2/3 IT CTX Glut,049 Lamp5 Gaba,12,3,3,5,"Orbital area, lateral part, layer 1,Frontal pole, layer 1,Orbital area, ventrolateral part, layer 1,Orbital area, medial part, layer 1","Frontal pole, layer 1",4.0,0.6,regions_2,regions_2,,,12,3,15,8,0.0,0.0,sample_1_C57BL6J-1.026_layer 1_007 L2.3 IT CTX Glut_merged_regions_table_cell_id.txt,sample_1_C57BL6J-1.026_layer 1_049 Lamp5 Gaba_merged_regions_table_cell_id.txt
C57BL6J-1.026,layer 1,layer 1,layer 1,007 L2/3 IT CTX Glut,051 Pvalb chandelier Gaba,12,3,10,10,"Orbital area, lateral part, layer 1,Frontal pole, layer 1,Orbital area, ventrolateral part, layer 1,Orbital area, medial part, layer 1","Frontal pole, layer 1,Secondary motor area, layer 1,Prelimbic area, layer 1",4.0,1.0,regions_2,regions_1,,,12,2,15,20,0.0,0.0,sample_1_C57BL6J-1.026_layer 1_007 L2.3 IT CTX Glut_merged_regions_table_cell_id.txt,sample_1_C57BL6J-1.026_layer 1_051 Pvalb chandelier Gaba_merged_regions_table_cell_id.txt
C57BL6J-1.026,layer 1,layer 1,layer 1,007 L2/3 IT CTX Glut,053 Sst Gaba,12,3,1,1,"Orbital area, lateral part, layer 1,Frontal pole, layer 1,Orbital area, ventrolateral part, layer 1,Orbital area, medial part, layer 1","Orbital area, lateral part, layer 1",4.0,1.0,regions_2,regions_1,,,12,1,15,2,0.13333333333333333,1.0,sample_1_C57BL6J-1.026_layer 1_007 L2.3 IT CTX Glut_merged_regions_table_cell_id.txt,sample_1_C57BL6J-1.026_layer 1_053 Sst Gaba_merged_regions_table_cell_id.txt
C57BL6J-1.026,layer 1,layer 1,layer 1,046 Vip Gaba,047 Sncg Gaba,7,9,19,16,"Frontal pole, layer 1,Secondary motor area, layer 1,Prelimbic area, layer 1","Orbital area, lateral part, layer 1,Frontal pole, layer 1,Secondary motor area, layer 1",0.7777777777777778,1.1875,regions_1,regions_1,,,2,6,16,35,0.25,0.11428571428571428,sample_1_C57BL6J-1.026_layer 1_046 Vip Gaba_merged_regions_table_cell_id.txt,sample_1_C57BL6J-1.026_layer 1_047 Sncg Gaba_merged_regions_table_cell_id.txt
C57BL6J-1.026,layer 1,layer 1,layer 1,046 Vip Gaba,047 Sncg Gaba,7,9,0,1,"Frontal pole, layer 1,Secondary motor area, layer 1,Prelimbic area, layer 1","Orbital area, medial part, layer 1",0.7777777777777778,0.0,regions_1,regions_2,,,2,1,16,1,0.0,0.0,sample_1_C57BL6J-1.026_layer 1_046 Vip Gaba_merged_regions_table_cell_id.txt,sample_1_C57BL6J-1.026_layer 1_047 Sncg Gaba_merged_regions_table_cell_id.txt
C57BL6J-1.026,layer 1,layer 1,layer 1,046 Vip Gaba,049 Lamp5 Gaba,7,9,22,13,"Frontal pole, layer 1,Secondary motor area, layer 1,Prelimbic area, layer 1","Prelimbic area, layer 1,Frontal pole, layer 1,Orbital area, ventrolateral part, layer 1,Orbital area, medial part, layer 1",0.7777777777777778,1.6923076923076923,regions_1,regions_1,,,2,9,16,35,0.75,0.34285714285714286,sample_1_C57BL6J-1.026_layer 1_046 Vip Gaba_merged_regions_table_cell_id.txt,sample_1_C57BL6J-1.026_layer 1_049 Lamp5 Gaba_merged_regions_table_cell_id.txt
C57BL6J-1.026,layer 1,layer 1,layer 1,046 Vip Gaba,049 Lamp5 Gaba,7,9,3,5,"Frontal pole, layer 1,Secondary motor area, layer 1,Prelimbic area, layer 1","Frontal pole, layer 1",0.7777777777777778,0.6,regions_1,regions_2,,,2,3,16,8,0.0,0.0,sample_1_C57BL6J-1.026_layer 1_046 Vip Gaba_merged_regions_table_cell_id.txt,sample_1_C57BL6J-1.026_layer 1_049 Lamp5 Gaba_merged_regions_table_cell_id.txt
C57BL6J-1.026,layer 1,layer 1,layer 1,046 Vip Gaba,051 Pvalb chandelier Gaba,7,9,10,10,"Frontal pole, layer 1,Secondary motor area, layer 1,Prelimbic area, layer 1","Frontal pole, layer 1,Secondary motor area, layer 1,Prelimbic area, layer 1",0.7777777777777778,1.0,regions_1,regions_1,,,2,2,16,20,0.75,0.6,sample_1_C57BL6J-1.026_layer 1_046 Vip Gaba_merged_regions_table_cell_id.txt,sample_1_C57BL6J-1.026_layer 1_051 Pvalb chandelier Gaba_merged_regions_table_cell_id.txt
C57BL6J-1.026,layer 1,layer 1,layer 1,046 Vip Gaba,053 Sst Gaba,7,9,1,1,"Frontal pole, layer 1,Secondary motor area, layer 1,Prelimbic area, layer 1","Orbital area, lateral part, layer 1",0.7777777777777778,1.0,regions_1,regions_1,,,2,1,16,2,0.0,0.0,sample_1_C57BL6J-1.026_layer 1_046 Vip Gaba_merged_regions_table_cell_id.txt,sample_1_C57BL6J-1.026_layer 1_053 Sst Gaba_merged_regions_table_cell_id.txt
C57BL6J-1.026,layer 1,layer 1,layer 1,047 Sncg Gaba,047 Sncg Gaba,19,16,0,1,"Orbital area, lateral part, layer 1,Frontal pole, layer 1,Secondary motor area, layer 1","Orbital area, medial part, layer 1",1.1875,0.0,regions_1,regions_2,,,6,1,35,1,0.0,0.0,sample_1_C57BL6J-1.026_layer 1_047 Sncg Gaba_merged_regions_table_cell_id.txt,sample_1_C57BL6J-1.026_layer 1_047 Sncg Gaba_merged_regions_table_cell_id.txt
C57BL6J-1.026,layer 1,layer 1,layer 1,047 Sncg Gaba,049 Lamp5 Gaba,19,16,22,13,"Orbital area, lateral part, layer 1,Frontal pole, layer 1,Secondary motor area, layer 1","Prelimbic area, layer 1,Frontal pole, layer 1,Orbital area, ventrolateral part, layer 1,Orbital area, medial part, layer 1",1.1875,1.6923076923076923,regions_1,regions_1,,,6,9,35,35,0.0,0.0,sample_1_C57BL6J-1.026_layer 1_047 Sncg Gaba_merged_regions_table_cell_id.txt,sample_1_C57BL6J-1.026_layer 1_049 Lamp5 Gaba_merged_regions_table_cell_id.txt
C57BL6J-1.026,layer 1,layer 1,layer 1,047 Sncg Gaba,049 Lamp5 Gaba,19,16,3,5,"Orbital area, lateral part, layer 1,Frontal pole, layer 1,Secondary motor area, layer 1","Frontal pole, layer 1",1.1875,0.6,regions_1,regions_2,,,6,3,35,8,0.22857142857142856,1.0,sample_1_C57BL6J-1.026_layer 1_047 Sncg Gaba_merged_regions_table_cell_id.txt,sample_1_C57BL6J-1.026_layer 1_049 Lamp5 Gaba_merged_regions_table_cell_id.txt
C57BL6J-1.026,layer 1,layer 1,layer 1,047 Sncg Gaba,051 Pvalb chandelier Gaba,19,16,10,10,"Orbital area, lateral part, layer 1,Frontal pole, layer 1,Secondary motor area, layer 1","Frontal pole, layer 1,Secondary motor area, layer 1,Prelimbic area, layer 1",1.1875,1.0,regions_1,regions_1,,,6,2,35,20,0.2571428571428571,0.45,sample_1_C57BL6J-1.026_layer 1_047 Sncg Gaba_merged_regions_table_cell_id.txt,sample_1_C57BL6J-1.026_layer 1_051 Pvalb chandelier Gaba_merged_regions_table_cell_id.txt
C57BL6J-1.026,layer 1,layer 1,layer 1,047 Sncg Gaba,053 Sst Gaba,19,16,1,1,"Orbital area, lateral part, layer 1,Frontal pole, layer 1,Secondary motor area, layer 1","Orbital area, lateral part, layer 1",1.1875,1.0,regions_1,regions_1,,,6,1,35,2,0.05714285714285714,1.0,sample_1_C57BL6J-1.026_layer 1_047 Sncg Gaba_merged_regions_table_cell_id.txt,sample_1_C57BL6J-1.026_layer 1_053 Sst Gaba_merged_regions_table_cell_id.txt
C57BL6J-1.026,layer 1,layer 1,layer 1,047 Sncg Gaba,049 Lamp5 Gaba,0,1,22,13,"Orbital area, medial part, layer 1","Prelimbic area, layer 1,Frontal pole, layer 1,Orbital area, ventrolateral part, layer 1,Orbital area, medial part, layer 1",0.0,1.6923076923076923,regions_2,regions_1,,,1,9,1,35,1.0,0.02857142857142857,sample_1_C57BL6J-1.026_layer 1_047 Sncg Gaba_merged_regions_table_cell_id.txt,sample_1_C57BL6J-1.026_layer 1_049 Lamp5 Gaba_merged_regions_table_cell_id.txt
C57BL6J-1.026,layer 1,layer 1,layer 1,047 Sncg Gaba,049 Lamp5 Gaba,0,1,3,5,"Orbital area, medial part, layer 1","Frontal pole, layer 1",0.0,0.6,regions_2,regions_2,,,1,3,1,8,0.0,0.0,sample_1_C57BL6J-1.026_layer 1_047 Sncg Gaba_merged_regions_table_cell_id.txt,sample_1_C57BL6J-1.026_layer 1_049 Lamp5 Gaba_merged_regions_table_cell_id.txt
C57BL6J-1.026,layer 1,layer 1,layer 1,047 Sncg Gaba,051 Pvalb chandelier Gaba,0,1,10,10,"Orbital area, medial part, layer 1","Frontal pole, layer 1,Secondary motor area, layer 1,Prelimbic area, layer 1",0.0,1.0,regions_2,regions_1,,,1,2,1,20,0.0,0.0,sample_1_C57BL6J-1.026_layer 1_047 Sncg Gaba_merged_regions_table_cell_id.txt,sample_1_C57BL6J-1.026_layer 1_051 Pvalb chandelier Gaba_merged_regions_table_cell_id.txt
C57BL6J-1.026,layer 1,layer 1,layer 1,047 Sncg Gaba,053 Sst Gaba,0,1,1,1,"Orbital area, medial part, layer 1","Orbital area, lateral part, layer 1",0.0,1.0,regions_2,regions_1,,,1,1,1,2,0.0,0.0,sample_1_C57BL6J-1.026_layer 1_047 Sncg Gaba_merged_regions_table_cell_id.txt,sample_1_C57BL6J-1.026_layer 1_053 Sst Gaba_merged_regions_table_cell_id.txt
C57BL6J-1.026,layer 1,layer 1,layer 1,049 Lamp5 Gaba,049 Lamp5 Gaba,22,13,3,5,"Prelimbic area, layer 1,Frontal pole, layer 1,Orbital area, ventrolateral part, layer 1,Orbital area, medial part, layer 1","Frontal pole, layer 1",1.6923076923076923,0.6,regions_1,regions_2,,,9,3,35,8,0.0,0.0,sample_1_C57BL6J-1.026_layer 1_049 Lamp5 Gaba_merged_regions_table_cell_id.txt,sample_1_C57BL6J-1.026_layer 1_049 Lamp5 Gaba_merged_regions_table_cell_id.txt
C57BL6J-1.026,layer 1,layer 1,layer 1,049 Lamp5 Gaba,051 Pvalb chandelier Gaba,22,13,10,10,"Prelimbic area, layer 1,Frontal pole, layer 1,Orbital area, ventrolateral part, layer 1,Orbital area, medial part, layer 1","Frontal pole, layer 1,Secondary motor area, layer 1,Prelimbic area, layer 1",1.6923076923076923,1.0,regions_1,regions_1,,,9,2,35,20,0.22857142857142856,0.4,sample_1_C57BL6J-1.026_layer 1_049 Lamp5 Gaba_merged_regions_table_cell_id.txt,sample_1_C57BL6J-1.026_layer 1_051 Pvalb chandelier Gaba_merged_regions_table_cell_id.txt
C57BL6J-1.026,layer 1,layer 1,layer 1,049 Lamp5 Gaba,053 Sst Gaba,22,13,1,1,"Prelimbic area, layer 1,Frontal pole, layer 1,Orbital area, ventrolateral part, layer 1,Orbital area, medial part, layer 1","Orbital area, lateral part, layer 1",1.6923076923076923,1.0,regions_1,regions_1,,,9,1,35,2,0.0,0.0,sample_1_C57BL6J-1.026_layer 1_049 Lamp5 Gaba_merged_regions_table_cell_id.txt,sample_1_C57BL6J-1.026_layer 1_053 Sst Gaba_merged_regions_table_cell_id.txt
C57BL6J-1.026,layer 1,layer 1,layer 1,049 Lamp5 Gaba,051 Pvalb chandelier Gaba,3,5,10,10,"Frontal pole, layer 1","Frontal pole, layer 1,Secondary motor area, layer 1,Prelimbic area, layer 1",0.6,1.0,regions_2,regions_1,,,3,2,8,20,0.25,0.1,sample_1_C57BL6J-1.026_layer 1_049 Lamp5 Gaba_merged_regions_table_cell_id.txt,sample_1_C57BL6J-1.026_layer 1_051 Pvalb chandelier Gaba_merged_regions_table_cell_id.txt
C57BL6J-1.026,layer 1,layer 1,layer 1,049 Lamp5 Gaba,053 Sst Gaba,3,5,1,1,"Frontal pole, layer 1","Orbital area, lateral part, layer 1",0.6,1.0,regions_2,regions_1,,,3,1,8,2,0.0,0.0,sample_1_C57BL6J-1.026_layer 1_049 Lamp5 Gaba_merged_regions_table_cell_id.txt,sample_1_C57BL6J-1.026_layer 1_053 Sst Gaba_merged_regions_table_cell_id.txt
C57BL6J-1.026,layer 1,layer 1,layer 1,051 Pvalb chandelier Gaba,053 Sst Gaba,10,10,1,1,"Frontal pole, layer 1,Secondary motor area, layer 1,Prelimbic area, layer 1","Orbital area, lateral part, layer 1",1.0,1.0,regions_1,regions_1,,,2,1,20,2,0.0,0.0,sample_1_C57BL6J-1.026_layer 1_051 Pvalb chandelier Gaba_merged_regions_table_cell_id.txt,sample_1_C57BL6J-1.026_layer 1_053 Sst Gaba_merged_regions_table_cell_id.txt
C57BL6J-1.026,layer 2/3,layer 2/3,layer 2/3,046 Vip Gaba,047 Sncg Gaba,14,4,26,6,"Frontal pole, layer 2/3","Frontal pole, layer 2/3",3.5,4.333333333333333,regions_1,regions_1,,,3,2,18,32,0.6111111111111112,0.34375,sample_1_C57BL6J-1.026_layer 2.3_046 Vip Gaba_merged_regions_table_cell_id.txt,sample_1_C57BL6J-1.026_layer 2.3_047 Sncg Gaba_merged_regions_table_cell_id.txt
C57BL6J-1.026,layer 2/3,layer 2/3,layer 2/3,046 Vip Gaba,051 Pvalb chandelier Gaba,14,4,45,8,"Frontal pole, layer 2/3","Frontal pole, layer 2/3",3.5,5.625,regions_1,regions_1,,,3,2,18,53,0.7222222222222222,0.24528301886792453,sample_1_C57BL6J-1.026_layer 2.3_046 Vip Gaba_merged_regions_table_cell_id.txt,sample_1_C57BL6J-1.026_layer 2.3_051 Pvalb chandelier Gaba_merged_regions_table_cell_id.txt
C57BL6J-1.026,layer 2/3,layer 2/3,layer 2/3,046 Vip Gaba,052 Pvalb Gaba,14,4,8,3,"Frontal pole, layer 2/3","Frontal pole, layer 2/3",3.5,2.6666666666666665,regions_1,regions_1,,,3,2,18,11,0.2222222222222222,0.36363636363636365,sample_1_C57BL6J-1.026_layer 2.3_046 Vip Gaba_merged_regions_table_cell_id.txt,sample_1_C57BL6J-1.026_layer 2.3_052 Pvalb Gaba_merged_regions_table_cell_id.txt
C57BL6J-1.026,layer 2/3,layer 2/3,layer 2/3,047 Sncg Gaba,051 Pvalb chandelier Gaba,26,6,45,8,"Frontal pole, layer 2/3","Frontal pole, layer 2/3",4.333333333333333,5.625,regions_1,regions_1,,,2,2,32,53,0.34375,0.20754716981132076,sample_1_C57BL6J-1.026_layer 2.3_047 Sncg Gaba_merged_regions_table_cell_id.txt,sample_1_C57BL6J-1.026_layer 2.3_051 Pvalb chandelier Gaba_merged_regions_table_cell_id.txt
C57BL6J-1.026,layer 2/3,layer 2/3,layer 2/3,047 Sncg Gaba,052 Pvalb Gaba,26,6,8,3,"Frontal pole, layer 2/3","Frontal pole, layer 2/3",4.333333333333333,2.6666666666666665,regions_1,regions_1,,,2,2,32,11,0.34375,1.0,sample_1_C57BL6J-1.026_layer 2.3_047 Sncg Gaba_merged_regions_table_cell_id.txt,sample_1_C57BL6J-1.026_layer 2.3_052 Pvalb Gaba_merged_regions_table_cell_id.txt
C57BL6J-1.026,layer 2/3,layer 2/3,layer 2/3,051 Pvalb chandelier Gaba,052 Pvalb Gaba,45,8,8,3,"Frontal pole, layer 2/3","Frontal pole, layer 2/3",5.625,2.6666666666666665,regions_1,regions_1,,,2,2,53,11,0.018867924528301886,0.09090909090909091,sample_1_C57BL6J-1.026_layer 2.3_051 Pvalb chandelier Gaba_merged_regions_table_cell_id.txt,sample_1_C57BL6J-1.026_layer 2.3_052 Pvalb Gaba_merged_regions_table_cell_id.txt
C57BL6J-1.027,layer 1,layer 1,layer 1,007 L2/3 IT CTX Glut,007 L2/3 IT CTX Glut,6,2,15,3,"Secondary motor area, layer 1","Orbital area, ventrolateral part, layer 1,Prelimbic area, layer 1,Orbital area, medial part, layer 1,Frontal pole, layer 1",3.0,5.0,regions_1,regions_2,,,6,15,8,18,0.0,0.0,sample_1_C57BL6J-1.027_layer 1_007 L2.3 IT CTX Glut_merged_regions_table_cell_id.txt,sample_1_C57BL6J-1.027_layer 1_007 L2.3 IT CTX Glut_merged_regions_table_cell_id.txt
C57BL6J-1.027,layer 1,layer 1,layer 1,007 L2/3 IT CTX Glut,007 L2/3 IT CTX Glut,6,2,24,9,"Secondary motor area, layer 1","Orbital area, lateral part, layer 1,Frontal pole, layer 1,Secondary motor area, layer 1,Orbital area, ventrolateral part, layer 1",3.0,2.6666666666666665,regions_1,regions_3,,,6,24,8,33,0.0,0.0,sample_1_C57BL6J-1.027_layer 1_007 L2.3 IT CTX Glut_merged_regions_table_cell_id.txt,sample_1_C57BL6J-1.027_layer 1_007 L2.3 IT CTX Glut_merged_regions_table_cell_id.txt
C57BL6J-1.027,layer 1,layer 1,layer 1,007 L2/3 IT CTX Glut,046 Vip Gaba,6,2,19,14,"Secondary motor area, layer 1","Secondary motor area, layer 1,Frontal pole, layer 1",3.0,1.3571428571428572,regions_1,regions_1,,,6,6,8,33,0.0,0.0,sample_1_C57BL6J-1.027_layer 1_007 L2.3 IT CTX Glut_merged_regions_table_cell_id.txt,sample_1_C57BL6J-1.027_layer 1_046 Vip Gaba_merged_regions_table_cell_id.txt
C57BL6J-1.027,layer 1,layer 1,layer 1,007 L2/3 IT CTX Glut,047 Sncg Gaba,6,2,3,4,"Secondary motor area, layer 1","Secondary motor area, layer 1",3.0,0.75,regions_1,regions_1,,,6,1,8,7,0.5,0.5714285714285714,sample_1_C57BL6J-1.027_layer 1_007 L2.3 IT CTX Glut_merged_regions_table_cell_id.txt,sample_1_C57BL6J-1.027_layer 1_047 Sncg Gaba_merged_regions_table_cell_id.txt
C57BL6J-1.027,layer 1,layer 1,layer 1,007 L2/3 IT CTX Glut,049 Lamp5 Gaba,6,2,9,9,"Secondary motor area, layer 1","Secondary motor area, layer 1,Frontal pole, layer 1",3.0,1.0,regions_1,regions_1,,,6,8,8,18,1.0,0.4444444444444444,sample_1_C57BL6J-1.027_layer 1_007 L2.3 IT CTX Glut_merged_regions_table_cell_id.txt,sample_1_C57BL6J-1.027_layer 1_049 Lamp5 Gaba_merged_regions_table_cell_id.txt
C57BL6J-1.027,layer 1,layer 1,layer 1,007 L2/3 IT CTX Glut,052 Pvalb Gaba,6,2,10,4,"Secondary motor area, layer 1","Prelimbic area, layer 1,Orbital area, medial part, layer 1,Frontal pole, layer 1,Orbital area, ventrolateral part, layer 1",3.0,2.5,regions_1,regions_1,,,6,1,8,14,0.0,0.0,sample_1_C57BL6J-1.027_layer 1_007 L2.3 IT CTX Glut_merged_regions_table_cell_id.txt,sample_1_C57BL6J-1.027_layer 1_052 Pvalb Gaba_merged_regions_table_cell_id.txt
C57BL6J-1.027,layer 1,layer 1,layer 1,007 L2/3 IT CTX Glut,007 L2/3 IT CTX Glut,15,3,24,9,"Orbital area, ventrolateral part, layer 1,Prelimbic area, layer 1,Orbital area, medial part, layer 1,Frontal pole, layer 1","Orbital area, lateral part, layer 1,Frontal pole, layer 1,Secondary motor area, layer 1,Orbital area, ventrolateral part, layer 1",5.0,2.6666666666666665,regions_2,regions_3,,,15,24,18,33,0.0,0.0,sample_1_C57BL6J-1.027_layer 1_007 L2.3 IT CTX Glut_merged_regions_table_cell_id.txt,sample_1_C57BL6J-1.027_layer 1_007 L2.3 IT CTX Glut_merged_regions_table_cell_id.txt
C57BL6J-1.027,layer 1,layer 1,layer 1,007 L2/3 IT CTX Glut,046 Vip Gaba,15,3,19,14,"Orbital area, ventrolateral part, layer 1,Prelimbic area, layer 1,Orbital area, medial part, layer 1,Frontal pole, layer 1","Secondary motor area, layer 1,Frontal pole, layer 1",5.0,1.3571428571428572,regions_2,regions_1,,,15,6,18,33,0.0,0.0,sample_1_C57BL6J-1.027_layer 1_007 L2.3 IT CTX Glut_merged_regions_table_cell_id.txt,sample_1_C57BL6J-1.027_layer 1_046 Vip Gaba_merged_regions_table_cell_id.txt
C57BL6J-1.027,layer 1,layer 1,layer 1,007 L2/3 IT CTX Glut,047 Sncg Gaba,15,3,3,4,"Orbital area, ventrolateral part, layer 1,Prelimbic area, layer 1,Orbital area, medial part, layer 1,Frontal pole, layer 1","Secondary motor area, layer 1",5.0,0.75,regions_2,regions_1,,,15,1,18,7,0.0,0.0,sample_1_C57BL6J-1.027_layer 1_007 L2.3 IT CTX Glut_merged_regions_table_cell_id.txt,sample_1_C57BL6J-1.027_layer 1_047 Sncg Gaba_merged_regions_table_cell_id.txt
C57BL6J-1.027,layer 1,layer 1,layer 1,007 L2/3 IT CTX Glut,049 Lamp5 Gaba,15,3,9,9,"Orbital area, ventrolateral part, layer 1,Prelimbic area, layer 1,Orbital area, medial part, layer 1,Frontal pole, layer 1","Secondary motor area, layer 1,Frontal pole, layer 1",5.0,1.0,regions_2,regions_1,,,15,8,18,18,0.0,0.0,sample_1_C57BL6J-1.027_layer 1_007 L2.3 IT CTX Glut_merged_regions_table_cell_id.txt,sample_1_C57BL6J-1.027_layer 1_049 Lamp5 Gaba_merged_regions_table_cell_id.txt
C57BL6J-1.027,layer 1,layer 1,layer 1,007 L2/3 IT CTX Glut,052 Pvalb Gaba,15,3,10,4,"Orbital area, ventrolateral part, layer 1,Prelimbic area, layer 1,Orbital area, medial part, layer 1,Frontal pole, layer 1","Prelimbic area, layer 1,Orbital area, medial part, layer 1,Frontal pole, layer 1,Orbital area, ventrolateral part, layer 1",5.0,2.5,regions_2,regions_1,,,15,1,18,14,0.6666666666666666,0.8571428571428571,sample_1_C57BL6J-1.027_layer 1_007 L2.3 IT CTX Glut_merged_regions_table_cell_id.txt,sample_1_C57BL6J-1.027_layer 1_052 Pvalb Gaba_merged_regions_table_cell_id.txt
C57BL6J-1.027,layer 1,layer 1,layer 1,007 L2/3 IT CTX Glut,046 Vip Gaba,24,9,19,14,"Orbital area, lateral part, layer 1,Frontal pole, layer 1,Secondary motor area, layer 1,Orbital area, ventrolateral part, layer 1","Secondary motor area, layer 1,Frontal pole, layer 1",2.6666666666666665,1.3571428571428572,regions_3,regions_1,,,24,6,33,33,0.5757575757575758,0.5757575757575758,sample_1_C57BL6J-1.027_layer 1_007 L2.3 IT CTX Glut_merged_regions_table_cell_id.txt,sample_1_C57BL6J-1.027_layer 1_046 Vip Gaba_merged_regions_table_cell_id.txt
C57BL6J-1.027,layer 1,layer 1,layer 1,007 L2/3 IT CTX Glut,047 Sncg Gaba,24,9,3,4,"Orbital area, lateral part, layer 1,Frontal pole, layer 1,Secondary motor area, layer 1,Orbital area, ventrolateral part, layer 1","Secondary motor area, layer 1",2.6666666666666665,0.75,regions_3,regions_1,,,24,1,33,7,0.0,0.0,sample_1_C57BL6J-1.027_layer 1_007 L2.3 IT CTX Glut_merged_regions_table_cell_id.txt,sample_1_C57BL6J-1.027_layer 1_047 Sncg Gaba_merged_regions_table_cell_id.txt
C57BL6J-1.027,layer 1,layer 1,layer 1,007 L2/3 IT CTX Glut,049 Lamp5 Gaba,24,9,9,9,"Orbital area, lateral part, layer 1,Frontal pole, layer 1,Secondary motor area, layer 1,Orbital area, ventrolateral part, layer 1","Secondary motor area, layer 1,Frontal pole, layer 1",2.6666666666666665,1.0,regions_3,regions_1,,,24,8,33,18,0.0,0.0,sample_1_C57BL6J-1.027_layer 1_007 L2.3 IT CTX Glut_merged_regions_table_cell_id.txt,sample_1_C57BL6J-1.027_layer 1_049 Lamp5 Gaba_merged_regions_table_cell_id.txt
C57BL6J-1.027,layer 1,layer 1,layer 1,007 L2/3 IT CTX Glut,052 Pvalb Gaba,24,9,10,4,"Orbital area, lateral part, layer 1,Frontal pole, layer 1,Secondary motor area, layer 1,Orbital area, ventrolateral part, layer 1","Prelimbic area, layer 1,Orbital area, medial part, layer 1,Frontal pole, layer 1,Orbital area, ventrolateral part, layer 1",2.6666666666666665,2.5,regions_3,regions_1,,,24,1,33,14,0.0,0.0,sample_1_C57BL6J-1.027_layer 1_007 L2.3 IT CTX Glut_merged_regions_table_cell_id.txt,sample_1_C57BL6J-1.027_layer 1_052 Pvalb Gaba_merged_regions_table_cell_id.txt
C57BL6J-1.027,layer 1,layer 1,layer 1,046 Vip Gaba,047 Sncg Gaba,19,14,3,4,"Secondary motor area, layer 1,Frontal pole, layer 1","Secondary motor area, layer 1",1.3571428571428572,0.75,regions_1,regions_1,,,6,1,33,7,0.0,0.0,sample_1_C57BL6J-1.027_layer 1_046 Vip Gaba_merged_regions_table_cell_id.txt,sample_1_C57BL6J-1.027_layer 1_047 Sncg Gaba_merged_regions_table_cell_id.txt
C57BL6J-1.027,layer 1,layer 1,layer 1,046 Vip Gaba,049 Lamp5 Gaba,19,14,9,9,"Secondary motor area, layer 1,Frontal pole, layer 1","Secondary motor area, layer 1,Frontal pole, layer 1",1.3571428571428572,1.0,regions_1,regions_1,,,6,8,33,18,0.0,0.0,sample_1_C57BL6J-1.027_layer 1_046 Vip Gaba_merged_regions_table_cell_id.txt,sample_1_C57BL6J-1.027_layer 1_049 Lamp5 Gaba_merged_regions_table_cell_id.txt
C57BL6J-1.027,layer 1,layer 1,layer 1,046 Vip Gaba,052 Pvalb Gaba,19,14,10,4,"Secondary motor area, layer 1,Frontal pole, layer 1","Prelimbic area, layer 1,Orbital area, medial part, layer 1,Frontal pole, layer 1,Orbital area, ventrolateral part, layer 1",1.3571428571428572,2.5,regions_1,regions_1,,,6,1,33,14,0.0,0.0,sample_1_C57BL6J-1.027_layer 1_046 Vip Gaba_merged_regions_table_cell_id.txt,sample_1_C57BL6J-1.027_layer 1_052 Pvalb Gaba_merged_regions_table_cell_id.txt
C57BL6J-1.027,layer 1,layer 1,layer 1,047 Sncg Gaba,049 Lamp5 Gaba,3,4,9,9,"Secondary motor area, layer 1","Secondary motor area, layer 1,Frontal pole, layer 1",0.75,1.0,regions_1,regions_1,,,1,8,7,18,1.0,0.3888888888888889,sample_1_C57BL6J-1.027_layer 1_047 Sncg Gaba_merged_regions_table_cell_id.txt,sample_1_C57BL6J-1.027_layer 1_049 Lamp5 Gaba_merged_regions_table_cell_id.txt
C57BL6J-1.027,layer 1,layer 1,layer 1,047 Sncg Gaba,052 Pvalb Gaba,3,4,10,4,"Secondary motor area, layer 1","Prelimbic area, layer 1,Orbital area, medial part, layer 1,Frontal pole, layer 1,Orbital area, ventrolateral part, layer 1",0.75,2.5,regions_1,regions_1,,,1,1,7,14,0.0,0.0,sample_1_C57BL6J-1.027_layer 1_047 Sncg Gaba_merged_regions_table_cell_id.txt,sample_1_C57BL6J-1.027_layer 1_052 Pvalb Gaba_merged_regions_table_cell_id.txt
C57BL6J-1.027,layer 1,layer 1,layer 1,049 Lamp5 Gaba,052 Pvalb Gaba,9,9,10,4,"Secondary motor area, layer 1,Frontal pole, layer 1","Prelimbic area, layer 1,Orbital area, medial part, layer 1,Frontal pole, layer 1,Orbital area, ventrolateral part, layer 1",1.0,2.5,regions_1,regions_1,,,8,1,18,14,0.0,0.0,sample_1_C57BL6J-1.027_layer 1_049 Lamp5 Gaba_merged_regions_table_cell_id.txt,sample_1_C57BL6J-1.027_layer 1_052 Pvalb Gaba_merged_regions_table_cell_id.txt
C57BL6J-1.027,layer 2/3,layer 2/3,layer 2/3,006 L4/5 IT CTX Glut,006 L4/5 IT CTX Glut,12,2,12,4,"Frontal pole, layer 2/3,Orbital area, ventrolateral part, layer 2/3","Frontal pole, layer 2/3,Orbital area, lateral part, layer 2/3",6.0,3.0,regions_1,regions_2,,,2,2,14,16,0.0,0.0,sample_1_C57BL6J-1.027_layer 2.3_006 L4.5 IT CTX Glut_merged_regions_table_cell_id.txt,sample_1_C57BL6J-1.027_layer 2.3_006 L4.5 IT CTX Glut_merged_regions_table_cell_id.txt
C57BL6J-1.027,layer 2/3,layer 2/3,layer 2/3,006 L4/5 IT CTX Glut,007 L2/3 IT CTX Glut,12,2,73,6,"Frontal pole, layer 2/3,Orbital area, ventrolateral part, layer 2/3","Frontal pole, layer 2/3,Orbital area, ventrolateral part, layer 2/3,Prelimbic area, layer 2/3",6.0,12.166666666666666,regions_1,regions_1,,,2,71,14,79,0.9285714285714286,0.16455696202531644,sample_1_C57BL6J-1.027_layer 2.3_006 L4.5 IT CTX Glut_merged_regions_table_cell_id.txt,sample_1_C57BL6J-1.027_layer 2.3_007 L2.3 IT CTX Glut_merged_regions_table_cell_id.txt
C57BL6J-1.027,layer 2/3,layer 2/3,layer 2/3,006 L4/5 IT CTX Glut,046 Vip Gaba,12,2,151,25,"Frontal pole, layer 2/3,Orbital area, ventrolateral part, layer 2/3","Frontal pole, layer 2/3,Orbital area, ventrolateral part, layer 2/3,Prelimbic area, layer 2/3",6.0,6.04,regions_1,regions_1,,,2,12,14,176,0.9285714285714286,0.07386363636363637,sample_1_C57BL6J-1.027_layer 2.3_006 L4.5 IT CTX Glut_merged_regions_table_cell_id.txt,sample_1_C57BL6J-1.027_layer 2.3_046 Vip Gaba_merged_regions_table_cell_id.txt
C57BL6J-1.027,layer 2/3,layer 2/3,layer 2/3,006 L4/5 IT CTX Glut,047 Sncg Gaba,12,2,93,16,"Frontal pole, layer 2/3,Orbital area, ventrolateral part, layer 2/3","Frontal pole, layer 2/3,Orbital area, lateral part, layer 2/3",6.0,5.8125,regions_1,regions_1,,,2,4,14,109,0.0,0.0,sample_1_C57BL6J-1.027_layer 2.3_006 L4.5 IT CTX Glut_merged_regions_table_cell_id.txt,sample_1_C57BL6J-1.027_layer 2.3_047 Sncg Gaba_merged_regions_table_cell_id.txt
C57BL6J-1.027,layer 2/3,layer 2/3,layer 2/3,006 L4/5 IT CTX Glut,047 Sncg Gaba,12,2,2,1,"Frontal pole, layer 2/3,Orbital area, ventrolateral part, layer 2/3","Frontal pole, layer 2/3",6.0,2.0,regions_1,regions_2,,,2,1,14,3,0.0,0.0,sample_1_C57BL6J-1.027_layer 2.3_006 L4.5 IT CTX Glut_merged_regions_table_cell_id.txt,sample_1_C57BL6J-1.027_layer 2.3_047 Sncg Gaba_merged_regions_table_cell_id.txt
C57BL6J-1.027,layer 2/3,layer 2/3,layer 2/3,006 L4/5 IT CTX Glut,049 Lamp5 Gaba,12,2,43,13,"Frontal pole, layer 2/3,Orbital area, ventrolateral part, layer 2/3","Frontal pole, layer 2/3,Orbital area, ventrolateral part, layer 2/3,Orbital area, lateral part, layer 2/3",6.0,3.3076923076923075,regions_1,regions_1,,,2,3,14,56,0.0,0.0,sample_1_C57BL6J-1.027_layer 2.3_006 L4.5 IT CTX Glut_merged_regions_table_cell_id.txt,sample_1_C57BL6J-1.027_layer 2.3_049 Lamp5 Gaba_merged_regions_table_cell_id.txt
C57BL6J-1.027,layer 2/3,layer 2/3,layer 2/3,006 L4/5 IT CTX Glut,052 Pvalb Gaba,12,2,94,17,"Frontal pole, layer 2/3,Orbital area, ventrolateral part, layer 2/3","Frontal pole, layer 2/3,Secondary motor area, layer 2/3,Orbital area, lateral part, layer 2/3",6.0,5.529411764705882,regions_1,regions_1,,,2,4,14,111,0.0,0.0,sample_1_C57BL6J-1.027_layer 2.3_006 L4.5 IT CTX Glut_merged_regions_table_cell_id.txt,sample_1_C57BL6J-1.027_layer 2.3_052 Pvalb Gaba_merged_regions_table_cell_id.txt
C57BL6J-1.027,layer 2/3,layer 2/3,layer 2/3,006 L4/5 IT CTX Glut,007 L2/3 IT CTX Glut,12,4,73,6,"Frontal pole, layer 2/3,Orbital area, lateral part, layer 2/3","Frontal pole, layer 2/3,Orbital area, ventrolateral part, layer 2/3,Prelimbic area, layer 2/3",3.0,12.166666666666666,regions_2,regions_1,,,2,71,16,79,0.0,0.0,sample_1_C57BL6J-1.027_layer 2.3_006 L4.5 IT CTX Glut_merged_regions_table_cell_id.txt,sample_1_C57BL6J-1.027_layer 2.3_007 L2.3 IT CTX Glut_merged_regions_table_cell_id.txt
C57BL6J-1.027,layer 2/3,layer 2/3,layer 2/3,006 L4/5 IT CTX Glut,046 Vip Gaba,12,4,151,25,"Frontal pole, layer 2/3,Orbital area, lateral part, layer 2/3","Frontal pole, layer 2/3,Orbital area, ventrolateral part, layer 2/3,Prelimbic area, layer 2/3",3.0,6.04,regions_2,regions_1,,,2,12,16,176,0.0,0.0,sample_1_C57BL6J-1.027_layer 2.3_006 L4.5 IT CTX Glut_merged_regions_table_cell_id.txt,sample_1_C57BL6J-1.027_layer 2.3_046 Vip Gaba_merged_regions_table_cell_id.txt
C57BL6J-1.027,layer 2/3,layer 2/3,layer 2/3,006 L4/5 IT CTX Glut,047 Sncg Gaba,12,4,93,16,"Frontal pole, layer 2/3,Orbital area, lateral part, layer 2/3","Frontal pole, layer 2/3,Orbital area, lateral part, layer 2/3",3.0,5.8125,regions_2,regions_1,,,2,4,16,109,1.0,0.14678899082568808,sample_1_C57BL6J-1.027_layer 2.3_006 L4.5 IT CTX Glut_merged_regions_table_cell_id.txt,sample_1_C57BL6J-1.027_layer 2.3_047 Sncg Gaba_merged_regions_table_cell_id.txt
C57BL6J-1.027,layer 2/3,layer 2/3,layer 2/3,006 L4/5 IT CTX Glut,047 Sncg Gaba,12,4,2,1,"Frontal pole, layer 2/3,Orbital area, lateral part, layer 2/3","Frontal pole, layer 2/3",3.0,2.0,regions_2,regions_2,,,2,1,16,3,0.0,0.0,sample_1_C57BL6J-1.027_layer 2.3_006 L4.5 IT CTX Glut_merged_regions_table_cell_id.txt,sample_1_C57BL6J-1.027_layer 2.3_047 Sncg Gaba_merged_regions_table_cell_id.txt
C57BL6J-1.027,layer 2/3,layer 2/3,layer 2/3,006 L4/5 IT CTX Glut,049 Lamp5 Gaba,12,4,43,13,"Frontal pole, layer 2/3,Orbital area, lateral part, layer 2/3","Frontal pole, layer 2/3,Orbital area, ventrolateral part, layer 2/3,Orbital area, lateral part, layer 2/3",3.0,3.3076923076923075,regions_2,regions_1,,,2,3,16,56,1.0,0.2857142857142857,sample_1_C57BL6J-1.027_layer 2.3_006 L4.5 IT CTX Glut_merged_regions_table_cell_id.txt,sample_1_C57BL6J-1.027_layer 2.3_049 Lamp5 Gaba_merged_regions_table_cell_id.txt
C57BL6J-1.027,layer 2/3,layer 2/3,layer 2/3,006 L4/5 IT CTX Glut,052 Pvalb Gaba,12,4,94,17,"Frontal pole, layer 2/3,Orbital area, lateral part, layer 2/3","Frontal pole, layer 2/3,Secondary motor area, layer 2/3,Orbital area, lateral part, layer 2/3",3.0,5.529411764705882,regions_2,regions_1,,,2,4,16,111,1.0,0.14414414414414414,sample_1_C57BL6J-1.027_layer 2.3_006 L4.5 IT CTX Glut_merged_regions_table_cell_id.txt,sample_1_C57BL6J-1.027_layer 2.3_052 Pvalb Gaba_merged_regions_table_cell_id.txt
C57BL6J-1.027,layer 2/3,layer 2/3,layer 2/3,007 L2/3 IT CTX Glut,046 Vip Gaba,73,6,151,25,"Frontal pole, layer 2/3,Orbital area, ventrolateral part, layer 2/3,Prelimbic area, layer 2/3","Frontal pole, layer 2/3,Orbital area, ventrolateral part, layer 2/3,Prelimbic area, layer 2/3",12.166666666666666,6.04,regions_1,regions_1,,,71,12,79,176,0.8734177215189873,0.39204545454545453,sample_1_C57BL6J-1.027_layer 2.3_007 L2.3 IT CTX Glut_merged_regions_table_cell_id.txt,sample_1_C57BL6J-1.027_layer 2.3_046 Vip Gaba_merged_regions_table_cell_id.txt
C57BL6J-1.027,layer 2/3,layer 2/3,layer 2/3,007 L2/3 IT CTX Glut,047 Sncg Gaba,73,6,93,16,"Frontal pole, layer 2/3,Orbital area, ventrolateral part, layer 2/3,Prelimbic area, layer 2/3","Frontal pole, layer 2/3,Orbital area, lateral part, layer 2/3",12.166666666666666,5.8125,regions_1,regions_1,,,71,4,79,109,0.0,0.0,sample_1_C57BL6J-1.027_layer 2.3_007 L2.3 IT CTX Glut_merged_regions_table_cell_id.txt,sample_1_C57BL6J-1.027_layer 2.3_047 Sncg Gaba_merged_regions_table_cell_id.txt
C57BL6J-1.027,layer 2/3,layer 2/3,layer 2/3,007 L2/3 IT CTX Glut,047 Sncg Gaba,73,6,2,1,"Frontal pole, layer 2/3,Orbital area, ventrolateral part, layer 2/3,Prelimbic area, layer 2/3","Frontal pole, layer 2/3",12.166666666666666,2.0,regions_1,regions_2,,,71,1,79,3,0.0379746835443038,1.0,sample_1_C57BL6J-1.027_layer 2.3_007 L2.3 IT CTX Glut_merged_regions_table_cell_id.txt,sample_1_C57BL6J-1.027_layer 2.3_047 Sncg Gaba_merged_regions_table_cell_id.txt
C57BL6J-1.027,layer 2/3,layer 2/3,layer 2/3,007 L2/3 IT CTX Glut,049 Lamp5 Gaba,73,6,43,13,"Frontal pole, layer 2/3,Orbital area, ventrolateral part, layer 2/3,Prelimbic area, layer 2/3","Frontal pole, layer 2/3,Orbital area, ventrolateral part, layer 2/3,Orbital area, lateral part, layer 2/3",12.166666666666666,3.3076923076923075,regions_1,regions_1,,,71,3,79,56,0.0379746835443038,0.05357142857142857,sample_1_C57BL6J-1.027_layer 2.3_007 L2.3 IT CTX Glut_merged_regions_table_cell_id.txt,sample_1_C57BL6J-1.027_layer 2.3_049 Lamp5 Gaba_merged_regions_table_cell_id.txt
C57BL6J-1.027,layer 2/3,layer 2/3,layer 2/3,007 L2/3 IT CTX Glut,052 Pvalb Gaba,73,6,94,17,"Frontal pole, layer 2/3,Orbital area, ventrolateral part, layer 2/3,Prelimbic area, layer 2/3","Frontal pole, layer 2/3,Secondary motor area, layer 2/3,Orbital area, lateral part, layer 2/3",12.166666666666666,5.529411764705882,regions_1,regions_1,,,71,4,79,111,0.0,0.0,sample_1_C57BL6J-1.027_layer 2.3_007 L2.3 IT CTX Glut_merged_regions_table_cell_id.txt,sample_1_C57BL6J-1.027_layer 2.3_052 Pvalb Gaba_merged_regions_table_cell_id.txt
C57BL6J-1.027,layer 2/3,layer 2/3,layer 2/3,046 Vip Gaba,047 Sncg Gaba,151,25,93,16,"Frontal pole, layer 2/3,Orbital area, ventrolateral part, layer 2/3,Prelimbic area, layer 2/3","Frontal pole, layer 2/3,Orbital area, lateral part, layer 2/3",6.04,5.8125,regions_1,regions_1,,,12,4,176,109,0.0,0.0,sample_1_C57BL6J-1.027_layer 2.3_046 Vip Gaba_merged_regions_table_cell_id.txt,sample_1_C57BL6J-1.027_layer 2.3_047 Sncg Gaba_merged_regions_table_cell_id.txt
C57BL6J-1.027,layer 2/3,layer 2/3,layer 2/3,046 Vip Gaba,047 Sncg Gaba,151,25,2,1,"Frontal pole, layer 2/3,Orbital area, ventrolateral part, layer 2/3,Prelimbic area, layer 2/3","Frontal pole, layer 2/3",6.04,2.0,regions_1,regions_2,,,12,1,176,3,0.0,0.0,sample_1_C57BL6J-1.027_layer 2.3_046 Vip Gaba_merged_regions_table_cell_id.txt,sample_1_C57BL6J-1.027_layer 2.3_047 Sncg Gaba_merged_regions_table_cell_id.txt
C57BL6J-1.027,layer 2/3,layer 2/3,layer 2/3,046 Vip Gaba,049 Lamp5 Gaba,151,25,43,13,"Frontal pole, layer 2/3,Orbital area, ventrolateral part, layer 2/3,Prelimbic area, layer 2/3","Frontal pole, layer 2/3,Orbital area, ventrolateral part, layer 2/3,Orbital area, lateral part, layer 2/3",6.04,3.3076923076923075,regions_1,regions_1,,,12,3,176,56,0.03409090909090909,0.10714285714285714,sample_1_C57BL6J-1.027_layer 2.3_046 Vip Gaba_merged_regions_table_cell_id.txt,sample_1_C57BL6J-1.027_layer 2.3_049 Lamp5 Gaba_merged_regions_table_cell_id.txt
C57BL6J-1.027,layer 2/3,layer 2/3,layer 2/3,046 Vip Gaba,052 Pvalb Gaba,151,25,94,17,"Frontal pole, layer 2/3,Orbital area, ventrolateral part, layer 2/3,Prelimbic area, layer 2/3","Frontal pole, layer 2/3,Secondary motor area, layer 2/3,Orbital area, lateral part, layer 2/3",6.04,5.529411764705882,regions_1,regions_1,,,12,4,176,111,0.0,0.0,sample_1_C57BL6J-1.027_layer 2.3_046 Vip Gaba_merged_regions_table_cell_id.txt,sample_1_C57BL6J-1.027_layer 2.3_052 Pvalb Gaba_merged_regions_table_cell_id.txt
C57BL6J-1.027,layer 2/3,layer 2/3,layer 2/3,047 Sncg Gaba,047 Sncg Gaba,93,16,2,1,"Frontal pole, layer 2/3,Orbital area, lateral part, layer 2/3","Frontal pole, layer 2/3",5.8125,2.0,regions_1,regions_2,,,4,1,109,3,0.0,0.0,sample_1_C57BL6J-1.027_layer 2.3_047 Sncg Gaba_merged_regions_table_cell_id.txt,sample_1_C57BL6J-1.027_layer 2.3_047 Sncg Gaba_merged_regions_table_cell_id.txt
C57BL6J-1.027,layer 2/3,layer 2/3,layer 2/3,047 Sncg Gaba,049 Lamp5 Gaba,93,16,43,13,"Frontal pole, layer 2/3,Orbital area, lateral part, layer 2/3","Frontal pole, layer 2/3,Orbital area, ventrolateral part, layer 2/3,Orbital area, lateral part, layer 2/3",5.8125,3.3076923076923075,regions_1,regions_1,,,4,3,109,56,0.45871559633027525,0.8928571428571429,sample_1_C57BL6J-1.027_layer 2.3_047 Sncg Gaba_merged_regions_table_cell_id.txt,sample_1_C57BL6J-1.027_layer 2.3_049 Lamp5 Gaba_merged_regions_table_cell_id.txt
C57BL6J-1.027,layer 2/3,layer 2/3,layer 2/3,047 Sncg Gaba,052 Pvalb Gaba,93,16,94,17,"Frontal pole, layer 2/3,Orbital area, lateral part, layer 2/3","Frontal pole, layer 2/3,Secondary motor area, layer 2/3,Orbital area, lateral part, layer 2/3",5.8125,5.529411764705882,regions_1,regions_1,,,4,4,109,111,0.8073394495412844,0.7927927927927928,sample_1_C57BL6J-1.027_layer 2.3_047 Sncg Gaba_merged_regions_table_cell_id.txt,sample_1_C57BL6J-1.027_layer 2.3_052 Pvalb Gaba_merged_regions_table_cell_id.txt
C57BL6J-1.027,layer 2/3,layer 2/3,layer 2/3,047 Sncg Gaba,049 Lamp5 Gaba,2,1,43,13,"Frontal pole, layer 2/3","Frontal pole, layer 2/3,Orbital area, ventrolateral part, layer 2/3,Orbital area, lateral part, layer 2/3",2.0,3.3076923076923075,regions_2,regions_1,,,1,3,3,56,0.0,0.0,sample_1_C57BL6J-1.027_layer 2.3_047 Sncg Gaba_merged_regions_table_cell_id.txt,sample_1_C57BL6J-1.027_layer 2.3_049 Lamp5 Gaba_merged_regions_table_cell_id.txt
C57BL6J-1.027,layer 2/3,layer 2/3,layer 2/3,047 Sncg Gaba,052 Pvalb Gaba,2,1,94,17,"Frontal pole, layer 2/3","Frontal pole, layer 2/3,Secondary motor area, layer 2/3,Orbital area, lateral part, layer 2/3",2.0,5.529411764705882,regions_2,regions_1,,,1,4,3,111,0.0,0.0,sample_1_C57BL6J-1.027_layer 2.3_047 Sncg Gaba_merged_regions_table_cell_id.txt,sample_1_C57BL6J-1.027_layer 2.3_052 Pvalb Gaba_merged_regions_table_cell_id.txt
C57BL6J-1.027,layer 2/3,layer 2/3,layer 2/3,049 Lamp5 Gaba,052 Pvalb Gaba,43,13,94,17,"Frontal pole, layer 2/3,Orbital area, ventrolateral part, layer 2/3,Orbital area, lateral part, layer 2/3","Frontal pole, layer 2/3,Secondary motor area, layer 2/3,Orbital area, lateral part, layer 2/3",3.3076923076923075,5.529411764705882,regions_1,regions_1,,,3,4,56,111,0.7857142857142857,0.3963963963963964,sample_1_C57BL6J-1.027_layer 2.3_049 Lamp5 Gaba_merged_regions_table_cell_id.txt,sample_1_C57BL6J-1.027_layer 2.3_052 Pvalb Gaba_merged_regions_table_cell_id.txt
